"id","timestamp","action","fun","additional_info","uid"
"23","2023-03-18 12:23:39","Login","Logedin","User admin Logedin from ::1","1"
"24","2023-03-18 17:57:14","Login","Logedin","User admin Logedin from ::1","1"
"25","2023-03-18 18:15:16","Login","Logedin","User data2 Logedin from ::1","8"
"26","2023-03-18 18:35:23","Add","Customer","Created Customer  by data2","8"
"27","2023-03-18 18:35:46","Add","Customer","Created Customer sss by data2","8"
"28","2023-03-18 18:36:27","Add","Customer","Created Customer Kustav Chatterjee by data2","8"
"29","2023-03-18 18:37:48","Add","InCustomer","Customer entry Bhargab chatterjee by data2","8"
"30","2023-03-18 23:49:25","Add","InCustomer","Customer entry  by data2","8"
"31","2023-03-18 23:49:58","Add","InCustomer","Customer entry  by data2","8"
"32","2023-03-18 23:58:06","Login","Logedin","User admin Logedin from ::1","1"
"33","2023-03-19 00:01:07","Login","Logedin","User admin Logedin from ::1","1"
"34","2023-03-19 00:01:17","Login","Logedin","User admin Logedin from ::1","1"
"35","2023-03-19 00:07:47","Login","Logedin","User admin Logedin from ::1","1"
"36","2023-03-19 00:09:36","Login","Logedin","User admin Logedin from ::1","1"
"37","2023-03-19 00:11:56","Login","Logedin","User admin Logedin from ::1","1"
"38","2023-03-19 00:12:12","Login","Logedin","User admin Logedin from ::1","1"
"39","2023-03-19 00:13:26","Login","Logedin","User admin Logedin from ::1","1"
"40","2023-03-19 00:30:07","Login","Failed_login_attempt","Failed login attempt for  admin from ::1","0"
"41","2023-03-19 15:35:43","Login","Failed_login_attempt","Failed login attempt for  data2 from ::1","0"
"42","2023-03-19 15:55:04","Login","Logedin","User data2 Logedin from ::1","8"
"43","2023-03-19 15:55:52","Login","Logedin","User admin Logedin from ::1","1"
"44","2023-03-19 15:56:04","Login","Logedin","User data2 Logedin from ::1","8"
"45","2023-03-19 15:56:22","Login","Logedin","User data2 Logedin from ::1","8"
"46","2023-03-19 16:00:59","Login","Failed_login_attempt","Failed login attempt for  data2 from ::1","0"
"47","2023-03-17 16:01:01","Login","Failed_login_attempt","Failed login attempt hhh for Â data2 from ::1","0"
"48","2023-03-19 16:01:03","Login","Failed_login_attempt","Failed login attempt for  data2 from ::1","0"
"49","2023-03-19 16:01:34","Login","Logedin","User data2 Logedin from ::1","8"
"50","2023-03-19 16:04:19","Login","Logedin","User data2 Logedin from ::1","8"
"51","2023-03-19 16:31:42","Login","Logedin","User data2 Logedin from 192.168.1.48","8"
"52","2023-03-19 16:37:32","Login","Logedin","User data2 Logedin from ::1","8"
"53","2023-03-19 16:40:19","Login","Logedin","User data2 Logedin from ::1","8"
"54","2023-03-19 16:40:48","Login","Logedin","User data2 Logedin from ::1","8"
"55","2023-03-19 16:42:22","Login","Logedin","User data2 Logedin from ::1","8"
"56","2023-03-19 16:42:57","Login","Logedin","User data2 Logedin from ::1","8"
"57","2023-03-19 16:45:51","Login","Logedin","User data2 Logedin from ::1","8"
"58","2023-03-19 16:49:15","Login","Logedin","User data2 Logedin from 192.168.1.48","8"
"59","2023-03-19 16:51:45","Login","Logedin","User data2 Logedin from ::1","8"
"60","2023-03-19 16:57:41","Login","Logedin","User data2 Logedin from ::1","8"
"61","2023-03-19 16:57:45","Error","PageAccess","Unauthorised access on by data2","8"
"62","2023-03-19 16:57:46","Error","PageAccess","Unauthorised access on by data2","8"
"63","2023-03-19 16:58:00","Error","PageAccess","Unauthorised access on by data2","8"
"64","2023-03-19 16:58:30","Error","PageAccess","Unauthorised access onindex.php by data2","8"
"65","2023-03-19 16:58:46","Error","PageAccess","Unauthorised access onindex.php by data2","8"
"66","2023-03-19 16:59:42","Error","PageAccess","Unauthorised access onindex.php by data2","8"
"67","2023-03-19 16:59:45","Error","PageAccess","Unauthorised access onindex.php by data2","8"
"68","2023-03-19 17:01:53","Login","Logedin","User data2 Logedin from ::1","8"
"69","2023-03-19 17:01:58","Error","PageAccess","Unauthorised access on","8"
"70","2023-03-19 17:02:36","Error","PageAccess","Unauthorised access on","8"
"71","2023-03-19 17:04:28","Add","InCustomer","Customer entry  by data2","8"
"72","2023-03-19 17:05:13","Error","PageAccess","Unauthorised access onindex.php by data2","8"
"73","2023-03-19 17:08:32","Login","Logedin","User data2 Logedin from ::1","8"
"74","2023-03-19 17:10:14","Login","Failed_login_attempt","Failed login attempt for  data2 from 192.168.1.48","0"
"75","2023-03-19 17:10:18","Login","Logedin","User data2 Logedin from 192.168.1.48","8"
"76","2023-03-19 17:13:07","Login","Logedin","User admin Logedin from ::1","1"
"77","2023-03-19 17:13:58","Login","Logedin","User admin Logedin from ::1","1"
"78","2023-03-19 17:14:21","Login","Logedin","User data2 Logedin from ::1","8"
"79","2023-03-19 17:14:26","Error","PageAccess","Unauthorised access on index.php by data2","8"
"80","2023-03-20 09:33:59","Login","Logedin","User admin Logedin from 192.168.1.47","1"
"81","2023-03-20 10:21:16","Login","Logedin","User admin Logedin from ::1","1"
"82","2023-03-20 10:23:09","Login","Logedin","User admin Logedin from ::1","1"
"83","2023-03-20 11:22:53","Login","Logedin","User admin Logedin from ::1","1"
"84","2023-03-20 11:35:12","Login","Logedin","User admin Logedin from ::1","1"
"85","2023-03-20 12:00:01","Login","Logedin","User admin Logedin from ::1","1"
"86","2023-03-20 12:09:57","Login","Logedin","User admin Logedin from ::1","1"
"87","2023-03-20 12:14:35","Login","Logedin","User admin Logedin from ::1","1"
"88","2023-03-20 14:05:06","Add","notif","Created Notification ljhu by admin","1"
"89","2023-03-20 14:05:17","Add","notif","Created Notification k;jl by admin","1"
"90","2023-03-20 14:05:42","Add","notif","Created Notification jb by admin","1"
"91","2023-03-20 14:58:10","Add","notif","Created Notification test by admin","1"
"92","2023-03-20 19:02:47","Add","notif","Created Notification test by admin","1"
"93","2023-03-20 19:03:01","Add","notif","Created Notification test by admin","1"
"94","2023-03-20 19:03:12","Add","notif","Created Notification test by admin","1"
"95","2023-03-20 19:03:26","Add","notif","Created Notification test by admin","1"
"96","2023-03-20 19:04:15","Login","Logedin","User admin Logedin from ::1","1"
"97","2023-03-20 19:05:19","Login","Logedin","User admin Logedin from ::1","1"
"98","2023-03-20 19:06:09","Login","Logedin","User admin Logedin from ::1","1"
"99","2023-03-20 19:07:59","Login","Logedin","User data2 Logedin from ::1","8"
"100","2023-03-20 19:10:43","Error","PageAccess","Unauthorised access on fetch_notifications.php by data2","8"
"101","2023-03-20 19:10:48","Error","PageAccess","Unauthorised access on index.php by data2","8"
"102","2023-03-20 19:11:28","Error","PageAccess","Unauthorised access on index.php by data2","8"
"103","2023-03-20 19:11:41","Error","PageAccess","Unauthorised access on index.php by data2","8"
"104","2023-03-20 19:12:20","Login","Logedin","User data2 Logedin from ::1","8"
"105","2023-03-20 19:12:33","Login","Logedin","User fmuser1@vdr Logedin from ::1","9"
"106","2023-03-20 19:22:48","Login","Logedin","User admin Logedin from ::1","1"
"107","2023-03-20 19:24:26","Login","Logedin","User admin Logedin from ::1","1"
"108","2023-03-20 21:08:54","Login","Logedin","User admin Logedin from ::1","1"
"109","2023-03-20 21:09:36","Login","Logedin","User admin Logedin from ::1","1"
"110","2023-03-20 21:10:14","Login","Logedin","User admin Logedin from ::1","1"
"111","2023-03-20 21:10:52","Login","Logedin","User data2 Logedin from ::1","8"
"112","2023-03-20 21:11:40","Login","Logedin","User admin Logedin from ::1","1"
"113","2023-03-20 21:22:51","Update","Users","Enable User 8 by admin","1"
"114","2023-03-20 21:33:06","Add","notif","Created Notification test1 by admin","1"
"115","2023-03-20 21:33:24","Login","Logedin","User admin Logedin from ::1","1"
"116","2023-03-20 21:34:36","Add","notif","Created Notification test by admin","1"
"117","2023-03-20 21:38:32","Add","notif","Created Notification hhhhhhhhhhhhhhhhhhhh by admin","1"
"118","2023-03-20 21:39:54","Login","Logedin","User admin Logedin from 192.168.1.50","1"
"119","2023-03-20 21:53:41","Add","notif","Created Notification test by admin","1"
"120","2023-03-20 21:58:08","Add","notif","Created Notification jk by admin","1"
"121","2023-03-20 22:25:38","Add","notif","Created Notification hu by admin","1"
"122","2023-03-21 10:17:00","Login","Logedin","User admin Logedin from ::1","1"
"123","2023-03-21 10:18:40","Login","Failed_login_attempt","Failed login attempt for  data from ::1","0"
"124","2023-03-21 10:18:45","Login","Logedin","User data2 Logedin from ::1","8"
"125","2023-03-21 10:19:04","Login","Logedin","User admin Logedin from ::1","1"
"126","2023-03-21 10:25:28","Login","Logedin","User admin Logedin from ::1","1"
"127","2023-03-21 10:26:13","Login","Logedin","User admin Logedin from ::1","1"
"128","2023-03-21 10:29:58","Login","Logedin","User admin Logedin from ::1","1"
"129","2023-03-21 10:31:57","Login","Logedin","User admin Logedin from ::1","1"
"130","2023-03-21 10:35:41","Login","Logedin","User admin Logedin from ::1","1"
"131","2023-03-21 10:36:42","Login","Logedin","User admin Logedin from ::1","1"
"132","2023-03-21 10:37:40","Login","Logedin","User admin Logedin from ::1","1"
"133","2023-03-21 10:38:16","Login","Logedin","User admin Logedin from ::1","1"
"134","2023-03-21 10:42:13","Login","Logedin","User admin Logedin from ::1","1"
"135","2023-03-21 11:54:22","Login","Logedin","User admin Logedin from ::1","1"
"136","2023-03-21 11:59:31","Login","Logedin","User admin Logedin from ::1","1"
"137","2023-03-21 12:07:18","Login","Logedin","User admin Logedin from ::1","1"
"138","2023-03-21 12:08:23","Login","Logedin","User admin Logedin from ::1","1"
"139","2023-03-21 12:11:26","Login","Logedin","User admin Logedin from ::1","1"
"140","2023-03-21 12:45:12","Login","Logedin","User data Logedin from ::1","2"
"141","2023-03-21 12:55:57","Login","Logedin","User data2 Logedin from ::1","8"
"142","2023-03-21 13:02:23","Login","Logedin","User admin Logedin from ::1","1"
"143","2023-03-21 13:05:21","Login","Logedin","User data Logedin from ::1","2"
"144","2023-03-21 14:44:21","Add","notif","Created Notification test by data","2"
"145","2023-03-21 14:44:55","Add","notif","Created Notification test by data","2"
"146","2023-03-21 14:45:12","Add","notif","Created Notification test3 by data","2"
"147","2023-03-21 14:45:36","Login","Failed_login_attempt","Failed login attempt for  data from ::1","0"
"148","2023-03-21 14:45:37","Login","Failed_login_attempt","Failed login attempt for  data from ::1","0"
"149","2023-03-21 14:45:40","Login","Logedin","User data Logedin from ::1","2"
"150","2023-03-21 14:46:38","Login","Logedin","User data Logedin from ::1","2"
"151","2023-03-21 14:47:20","Login","Logedin","User data Logedin from ::1","2"
"152","2023-03-21 14:48:26","Login","Logedin","User data2 Logedin from ::1","8"
"153","2023-03-21 14:49:57","Login","Logedin","User admin Logedin from ::1","1"
"154","2023-03-21 14:50:09","Add","notif","Created Notification ljhu by admin","1"
"155","2023-03-21 14:50:34","Login","Logedin","User data Logedin from ::1","2"
"156","2023-03-21 14:50:59","Login","Logedin","User data2 Logedin from ::1","8"
"157","2023-03-21 14:52:52","Add","notif","Created Notification ljhu by data2","8"
"158","2023-03-21 14:53:05","Login","Logedin","User admin Logedin from ::1","1"
"159","2023-03-21 14:54:21","Add","notif","Created Notification ljhu by admin","1"
"160","2023-03-21 16:04:00","Add","notif","Created Notification jb by admin","1"
"161","2023-03-21 16:07:34","Add","notif","Created Notification mk by admin","1"
"162","2023-03-21 18:42:28","Login","Logedin","User admin Logedin from ::1","1"
"163","2023-03-21 19:31:55","Add","notif","Created Notification s by admin","1"
"164","2023-03-21 19:32:08","Add","notif","Created Notification qqqqqqqq by admin","1"
"165","2023-03-21 19:32:43","Add","notif","Created Notification ddd by admin","1"
"166","2023-03-22 08:56:43","Login","Logedin","User admin Logedin from ::1","1"
"167","2023-03-22 09:07:56","Login","Logedin","User data Logedin from ::1","2"
"168","2023-03-22 10:03:53","Login","Logedin","User data Logedin from ::1","2"
"169","2023-03-22 10:04:28","Login","Logedin","User data Logedin from ::1","2"
"170","2023-03-22 10:04:33","Error","PageAccess","Unauthorised access on index.php by data","2"
"171","2023-03-22 10:05:08","Error","PageAccess","Unauthorised access on index.php by data","2"
"172","2023-03-22 10:05:13","Login","Logedin","User data Logedin from ::1","2"
"173","2023-03-22 10:05:20","Error","PageAccess","Unauthorised access on index.php by data","2"
"174","2023-03-22 10:05:21","Error","PageAccess","Unauthorised access on index.php by data","2"
"175","2023-03-22 10:05:49","Login","Logedin","User data Logedin from ::1","2"
"176","2023-03-22 10:06:52","Login","Logedin","User data Logedin from ::1","2"
"177","2023-03-22 10:07:00","Login","Logedin","User data Logedin from ::1","2"
"178","2023-03-22 10:08:30","Login","Logedin","User data Logedin from ::1","2"
"179","2023-03-22 10:46:16","Login","Logedin","User data Logedin from ::1","2"
"180","2023-03-22 11:04:22","Login","Logedin","User admin Logedin from ::1","1"
"181","2023-03-22 11:19:01","Read","Notificaction","Read notification 23 by admin","1"
"182","2023-03-22 11:19:06","Read","Notificaction","Read notification 26 by admin","1"
"183","2023-03-22 11:19:18","Read","Notificaction","Read notification 23 by admin","1"
"184","2023-03-22 11:19:35","Read","Notificaction","Read notification 23 by admin","1"
"185","2023-03-22 11:20:23","Read","Notificaction","Read notification 23 by admin","1"
"186","2023-03-22 11:21:32","Read","Notificaction","Read notification 23 by admin","1"
"187","2023-03-22 11:22:53","Read","Notificaction","Read notification 23 by admin","1"
"188","2023-03-22 11:23:01","Read","Notificaction","Read notification 23 by admin","1"
"189","2023-03-22 11:23:17","Read","Notificaction","Read notification 25 by admin","1"
"190","2023-03-22 11:23:19","Read","Notificaction","Read notification 26 by admin","1"
"191","2023-03-22 11:23:20","Read","Notificaction","Read notification 23 by admin","1"
"192","2023-03-22 11:30:23","Read","Notificaction","Read notification 23 by admin","1"
"193","2023-03-22 11:34:22","Read","Notificaction","Read notification 25 by admin","1"
"194","2023-03-22 11:34:49","Read","Notificaction","Read notification 23 by admin","1"
"195","2023-03-22 11:36:53","Login","Logedin","User admin Logedin from ::1","1"
"196","2023-03-22 11:40:21","Add","notif","Created Notification juunew by admin","1"
"197","2023-03-22 11:40:28","Read","Notificaction","Read notification 27 by admin","1"
"198","2023-03-22 12:06:26","Login","Logedin","User admin Logedin from ::1","1"
"199","2023-03-22 12:17:28","Read","Notificaction","Read notification 26 by admin","1"
"200","2023-03-22 12:17:29","Read","Notificaction","Read notification 25 by admin","1"
"201","2023-03-22 12:17:30","Read","Notificaction","Read notification 23 by admin","1"
"202","2023-03-22 12:17:32","Read","Notificaction","Read notification 22 by admin","1"
"203","2023-03-22 13:13:02","Login","Logedin","User admin Logedin from ::1","1"
"204","2023-03-22 13:36:07","Login","Logedin","User admin Logedin from ::1","1"
"205","2023-03-22 13:43:57","Read","Notificaction","Read notification 27 by admin","1"
"206","2023-03-22 13:43:58","Read","Notificaction","Read notification 26 by admin","1"
"207","2023-03-22 13:43:59","Read","Notificaction","Read notification 25 by admin","1"
"208","2023-03-22 13:44:00","Read","Notificaction","Read notification 23 by admin","1"
"209","2023-03-22 13:44:01","Read","Notificaction","Read notification 22 by admin","1"
"210","2023-03-22 13:59:53","Login","Logedin","User admin Logedin from ::1","1"
"211","2023-03-22 14:03:06","Login","Logedin","User admin Logedin from ::1","1"
"212","2023-03-22 14:05:21","Login","Logedin","User admin Logedin from ::1","1"
"213","2023-03-22 14:05:29","Read","Notificaction","Read notification 22 by admin","1"
"214","2023-03-22 14:05:30","Read","Notificaction","Read notification 23 by admin","1"
"215","2023-03-22 14:05:40","Read","Notificaction","Read notification 25 by admin","1"
"216","2023-03-22 14:05:41","Read","Notificaction","Read notification 26 by admin","1"
"217","2023-03-22 14:06:01","Read","Notificaction","Read notification 27 by admin","1"
"218","2023-03-22 14:11:22","Read","Notificaction","Read notification 27 by admin","1"
"219","2023-03-22 14:11:23","Read","Notificaction","Read notification 26 by admin","1"
"220","2023-03-22 14:11:24","Read","Notificaction","Read notification 25 by admin","1"
"221","2023-03-22 14:11:24","Read","Notificaction","Read notification 23 by admin","1"
"222","2023-03-22 14:11:25","Read","Notificaction","Read notification 22 by admin","1"
"223","2023-03-22 14:13:21","Read","Notificaction","Read notification 27 by admin","1"
"224","2023-03-22 14:13:23","Read","Notificaction","Read notification 26 by admin","1"
"225","2023-03-22 14:13:27","Read","Notificaction","Read notification 25 by admin","1"
"226","2023-03-22 14:13:34","Read","Notificaction","Read notification 23 by admin","1"
"227","2023-03-22 14:13:37","Read","Notificaction","Read notification 22 by admin","1"
"228","2023-03-22 14:16:54","Login","Logedin","User data Logedin from ::1","2"
"229","2023-03-22 14:17:22","Login","Logedin","User data Logedin from ::1","2"
"230","2023-03-22 14:17:28","Read","Notificaction","Read notification 25 by data","2"
"231","2023-03-22 14:18:45","Read","Notificaction","Read notification 26 by data","2"
"232","2023-03-22 14:22:41","Read","Notificaction","Read notification 27 by data","2"
"233","2023-03-22 14:22:42","Read","Notificaction","Read notification 26 by data","2"
"234","2023-03-22 14:22:42","Read","Notificaction","Read notification 25 by data","2"
"235","2023-03-22 14:22:43","Read","Notificaction","Read notification 24 by data","2"
"236","2023-03-22 14:22:44","Read","Notificaction","Read notification 23 by data","2"
"237","2023-03-22 14:22:45","Read","Notificaction","Read notification 22 by data","2"
"238","2023-03-22 14:22:55","Login","Logedin","User admin Logedin from ::1","1"
"239","2023-03-22 14:23:00","Read","Notificaction","Read notification 27 by admin","1"
"240","2023-03-22 14:23:01","Read","Notificaction","Read notification 26 by admin","1"
"241","2023-03-22 14:38:51","Read","Notificaction","Read notification 25 by admin","1"
"242","2023-03-22 14:40:57","Read","Notificaction","Read notification 23 by admin","1"
"243","2023-03-22 14:41:01","Read","Notificaction","Read notification 22 by admin","1"
"244","2023-03-22 14:42:00","Login","Logedin","User data Logedin from ::1","2"
"245","2023-03-22 14:42:06","Read","Notificaction","Read notification 23 by data","2"
"246","2023-03-22 14:44:52","Login","Logedin","User data Logedin from ::1","2"
"247","2023-03-22 14:45:17","Read","Notificaction","Read notification 22 by data","2"
"248","2023-03-22 14:46:34","Login","Logedin","User admin Logedin from ::1","1"
"249","2023-03-22 14:48:28","Add","notif","Created Notification for all by admin","1"
"250","2023-03-22 14:48:49","Login","Logedin","User admin Logedin from ::1","1"
"251","2023-03-22 14:48:58","Read","Notificaction","Read notification 28 by admin","1"
"252","2023-03-22 14:50:10","Login","Logedin","User data Logedin from ::1","2"
"253","2023-03-22 14:50:13","Read","Notificaction","Read notification 28 by data","2"
"254","2023-03-22 14:50:53","Login","Logedin","User fmuser1@vdr Logedin from ::1","9"
"255","2023-03-22 14:50:56","Read","Notificaction","Read notification 28 by fmuser1@vdr","9"
"256","2023-03-22 14:51:03","Read","Notificaction","Read notification 28 by fmuser1@vdr","9"
"257","2023-03-22 14:51:04","Read","Notificaction","Read notification 28 by fmuser1@vdr","9"
"258","2023-03-22 14:51:05","Read","Notificaction","Read notification 28 by fmuser1@vdr","9"
"259","2023-03-22 14:51:06","Read","Notificaction","Read notification 28 by fmuser1@vdr","9"
"260","2023-03-22 14:51:06","Read","Notificaction","Read notification 28 by fmuser1@vdr","9"
"261","2023-03-22 14:51:06","Read","Notificaction","Read notification 28 by fmuser1@vdr","9"
"262","2023-03-22 14:51:07","Read","Notificaction","Read notification 28 by fmuser1@vdr","9"
"263","2023-03-22 14:51:08","Read","Notificaction","Read notification 28 by fmuser1@vdr","9"
"264","2023-03-22 14:51:08","Read","Notificaction","Read notification 28 by fmuser1@vdr","9"
"265","2023-03-22 14:51:09","Read","Notificaction","Read notification 28 by fmuser1@vdr","9"
"266","2023-03-22 14:51:11","Read","Notificaction","Read notification 28 by fmuser1@vdr","9"
"267","2023-03-22 14:51:44","Login","Logedin","User admin Logedin from ::1","1"
"268","2023-03-22 14:51:54","Add","notif","Created Notification edfdw by admin","1"
"269","2023-03-22 14:52:16","Read","Notificaction","Read notification 28 by fmuser1@vdr","9"
"270","2023-03-22 14:52:27","Read","Notificaction","Read notification 29 by fmuser1@vdr","9"
"271","2023-03-22 14:52:50","Login","Logedin","User admin Logedin from ::1","1"
"272","2023-03-22 15:18:31","Add","InCustomer","Customer entry Anik Chatterjee by admin","1"
"273","2023-03-22 15:19:05","Add","OutCustomer","Customer Exit 4 by admin","1"
"274","2023-03-22 15:51:50","Add","InCustomer","Customer entry Amita Kardeeee by admin","1"
"275","2023-03-22 17:40:58","Login","Failed_login_attempt","Failed login attempt for  admin from ::1","0"
"276","2023-03-22 17:41:00","Login","Logedin","User admin Logedin from ::1","1"
"277","2023-03-22 19:06:07","Login","Failed_login_attempt","Failed login attempt for  data from ::1","0"
"278","2023-03-22 19:06:10","Login","Logedin","User data Logedin from ::1","2"
"279","2023-03-23 10:46:57","Login","Logedin","User admin Logedin from ::1","1"
"280","2023-03-23 10:53:44","Login","Logedin","User fmuser1@vdr Logedin from ::1","9"
"281","2023-03-23 10:54:46","Error","PageAccess","Unauthorised access on index.php by fmuser1@vdr","9"
"282","2023-03-23 10:54:51","Login","Logedin","User fmuser1@vdr Logedin from ::1","9"
"283","2023-03-23 12:39:32","Login","Logedin","User admin Logedin from ::1","1"
"284","2023-03-25 15:46:31","Login","Logedin","User admin Logedin from ::1","1"
"285","2023-03-25 15:46:44","Add","notif","Created Notification test by admin","1"
"286","2023-03-26 11:56:51","Login","Logedin","User admin Logedin from ::1","1"
"287","2023-03-26 11:57:26","Login","Failed_login_attempt","Failed login attempt for  data from ::1","0"
"288","2023-03-26 11:57:30","Login","Logedin","User data Logedin from ::1","2"
"289","2023-03-26 11:57:44","Login","Logedin","User data2 Logedin from ::1","8"
"290","2023-03-26 11:58:12","Add","Customer","Created Customer Amita Kar by data2","8"
"291","2023-03-26 11:59:14","Add","Customer","Created Customer Amita Kar by data2","8"
"292","2023-03-26 11:59:47","Add","InCustomer","Customer entry Anik Chatterjee by data2","8"
"293","2023-03-26 12:00:50","Login","Logedin","User admin Logedin from ::1","1"
"294","2023-03-26 12:01:31","Add","notif","Created Notification test by data2","8"
"295","2023-03-26 12:02:01","Read","Notificaction","Read notification 31 by admin","1"
"296","2023-03-26 12:03:18","Update","Follow Up","Customer Followup ID 7 by admin","1"
"297","2023-03-26 12:32:50","Add","Customer","Created Customer Amita Kar by data2","8"
"298","2023-03-26 12:34:15","Add","Customer","Created Customer kus by data2","8"
"299","2023-03-26 12:34:42","Add","InCustomer","Customer entry kus by data2","8"
"300","2023-03-26 12:35:20","Add","Followup","Customer Followup  by data2","8"
"301","2023-03-26 12:35:20","Add","OutCustomer","Customer Exit 103 by data2","8"
"302","2023-03-26 12:40:40","Add","InCustomer","Customer entry Anik Chatterjee by data2","8"
"303","2023-03-26 12:41:59","Add","Followup","Customer Followup  by data2","8"
"304","2023-03-26 12:41:59","Add","OutCustomer","Customer Exit 4 by data2","8"
"305","2023-03-26 13:46:26","Login","Logedin","User fmuser1@vdr Logedin from ::1","9"
"306","2023-03-26 13:46:41","Login","Logedin","User admin Logedin from ::1","1"
"307","2023-03-26 13:48:00","Read","Notificaction","Read notification 30 by admin","1"
"308","2023-03-26 14:03:20","Add","InCustomer","Customer entry Anik Chatterjee by data2","8"
"309","2023-03-26 14:04:09","Add","OutCustomer","Customer Exit 4 by data2","8"
"310","2023-03-26 15:59:40","Error","PageAccess","Unauthorised access on index.php by data2","8"
"311","2023-03-26 15:59:51","Login","Logedin","User admin Logedin from ::1","1"
"312","2023-03-26 16:00:45","Update","Users","Disable User 8 by admin","1"
"313","2023-03-26 16:00:46","Update","Users","Enable User 8 by admin","1"
"314","2023-03-26 16:01:39","Login","Logedin","User data Logedin from ::1","2"
"315","2023-03-26 16:02:50","Add","notif","Created Notification test by data","2"
"316","2023-03-26 16:03:08","Read","Notificaction","Read notification 32 by admin","1"
"317","2023-03-26 16:13:14","Update","Follow Up","Customer Followup ID 15 by admin","1"
"318","2023-03-27 10:49:47","Login","Failed_login_attempt","Failed login attempt for  admin from ::1","0"
"319","2023-03-28 14:36:10","Login","Logedin","User admin Logedin from ::1","1"
"320","2023-03-28 14:36:26","Add","InCustomer","Customer entry Amita Kardeeee by admin","1"
"321","2023-03-28 15:01:54","Login","Logedin","User admin Logedin from ::1","1"
"322","2023-03-28 15:02:21","Submit","Customer out","Customer Exit 87 by admin","1"
"323","2023-03-28 15:29:44","Add","notif","Created Notification test by admin","1"
"324","2023-03-28 15:29:48","Read","Notificaction","Read notification 33 by admin","1"
"325","2023-03-28 15:31:23","Add","InCustomer","Customer entry Anik Chatterjee by admin","1"
"326","2023-03-28 17:01:20","Login","Logedin","User admin Logedin from ::1","1"
"327","2023-03-28 17:02:05","Login","Logedin","User admin Logedin from ::1","1"
"328","2023-03-28 17:18:41","Add","notif","Created Notification fj by admin","1"
"329","2023-03-28 17:18:46","Read","Notificaction","Read notification 34 by admin","1"
"330","2023-03-28 17:18:47","Read","Notificaction","Read notification 34 by admin","1"
"331","2023-03-28 17:18:48","Read","Notificaction","Read notification 34 by admin","1"
"332","2023-03-28 17:18:48","Read","Notificaction","Read notification 34 by admin","1"
"333","2023-03-28 17:18:49","Read","Notificaction","Read notification 34 by admin","1"
"334","2023-03-28 17:18:49","Read","Notificaction","Read notification 34 by admin","1"
"335","2023-03-28 17:18:49","Read","Notificaction","Read notification 34 by admin","1"
"336","2023-03-28 17:18:50","Read","Notificaction","Read notification 34 by admin","1"
"337","2023-03-28 17:18:50","Read","Notificaction","Read notification 34 by admin","1"
"338","2023-03-29 18:31:36","Login","Logedin","User admin Logedin from ::1","1"
"339","2023-03-29 18:32:52","Login","Logedin","User admin Logedin from ::1","1"
"340","2023-03-29 18:33:36","Login","Logedin","User admin Logedin from ::1","1"
"341","2023-03-29 18:48:26","Login","Logedin","User admin Logedin from ::1","1"
"342","2023-03-29 21:57:54","Login","Logedin","User admin Logedin from ::1","1"
"343","2023-03-30 12:19:46","Login","Logedin","User admin Logedin from ::1","1"
"344","2023-03-31 00:41:36","Login","Logedin","User admin Logedin from ::1","1"
"345","2023-03-31 12:02:41","Login","Logedin","User admin Logedin from ::1","1"
"346","2023-03-31 12:54:58","Login","Logedin","User admin Logedin from ::1","1"
"347","2023-03-31 12:56:16","Add","Customer","Created Customer dfdsvfsvfv by admin","1"
"348","2023-04-01 12:14:42","Login","Logedin","User admin Logedin from ::1","1"
"349","2023-04-02 15:14:29","Login","Logedin","User admin Logedin from ::1","1"
"350","2023-04-02 15:16:10","Login","Logedin","User admin Logedin from ::1","1"
"351","2023-04-02 15:17:01","Login","Logedin","User fmuser1@vdr Logedin from ::1","9"
"352","2023-04-02 15:18:04","Login","Logedin","User data Logedin from ::1","2"
